{
  "project_info": {
    "project_number": "943250645333",
    "firebase_url": "https://meetpatel-863dd.firebaseio.com",
    "project_id": "meetpatel-863dd",
    "storage_bucket": "meetpatel-863dd.appspot.com"
  },
  "client": [
    {
      "client_info": {
        "mobilesdk_app_id": "1:943250645333:android:9f72522335b04d51",
        "android_client_info": {
          "package_name": "com.example.chattinghouse"
        }
      },
      "oauth_client": [
        {
          "client_id": "943250645333-mj9sbmva00bf24cj0107qiekhmprnl3n.apps.googleusercontent.com",
          "client_type": 1,
          "android_info": {
            "package_name": "com.example.chattinghouse",
            "certificate_hash": "bb0c6984879823cee6e869cd2d992ce8387032b9"
          }
        },
        {
          "client_id": "943250645333-acoluen6vhibl6ouonkc5sqlujo5bsm5.apps.googleusercontent.com",
          "client_type": 3
        }
      ],
      "api_key": [
        {
          "current_key": "AIzaSyCftMJOK4kxx1myMT6TKgzh8fSZ9vZ1CH8"
        }
      ],
      "services": {
        "appinvite_service": {
          "other_platform_oauth_client": [
            {
              "client_id": "943250645333-acoluen6vhibl6ouonkc5sqlujo5bsm5.apps.googleusercontent.com",
              "client_type": 3
            }
          ]
        }
      }
    }
  ],
  "configuration_version": "1"
}